id,username,name,about,dob,country,following,last_login_time,account_created_time,likes
0,anchat,Anurag Chatterjee,Visual person!!,1992-01-16,India,1|2,2018-05-05 15:00:00,2014-05-05 13:30:00,1|2|4
1,vaibhav,Vaibhav,Great photographer!!,1993-04-16,India,5|2,2018-03-03 17:00:00,2016-09-09 13:45:00,5|6
2,pier,Pier,Always great with camera,1988-01-24,Singapore,3,2018-04-05 21:00:00,2011-05-05 13:30:00,8|9|0
3,ryan,Ryan,Perfectionist with art,1986-08-23,Singapore,0|2|1|4|5,2018-05-05 15:00:00,2014-05-05 13:30:00,0|4|1
4,pratyush,Pratyush,Creative to the core,1999-01-16,India,2|1,2018-05-05 15:00:00,2014-05-05 13:30:00,8
5,john,John Denver,Captures the most interesting moments,2007-07-16,USA,0,2018-05-05 15:00:00,2014-05-05 13:30:00,6|7
